Date,AAPL.US,MSFT.US,NVDA.US,JPM.US,GS.US,BAC.US,JNJ.US,UNH.US,AMZN.US,MCD.US,XOM.US,CVX.US,CAT.US,HON.US,T.US
2025-05-12,209.957,445.8468,122.971,255.0928,579.3379,42.4062,149.9644,368.3628,208.64,304.8794,105.5339,135.5213,338.8824,202.3911,25.8805
2025-05-13,212.0886,445.7277,129.8994,257.9964,591.5548,43.306,144.4188,302.8404,211.37,301.7223,105.824,136.2198,348.7654,201.3577,25.3439
2025-05-14,211.491,449.4988,135.3081,260.5762,599.1867,43.7558,142.3951,299.5629,210.25,300.5592,104.8765,135.5691,345.9163,200.3981,25.3343
2025-05-15,210.6144,450.5129,134.7982,262.391,603.3994,43.4038,145.5571,266.826,205.17,307.3816,105.94,136.1337,346.0647,205.1132,26.1871
2025-05-16,210.4252,451.6463,135.3681,262.4596,606.4659,43.7069,147.2305,283.9044,205.59,311.4184,105.5595,135.9806,349.7943,206.708,26.5608
2025-05-19,207.955,456.2198,135.5381,259.8307,599.8725,43.7852,148.3591,307.2268,206.16,313.9793,103.8813,134.1403,348.7951,208.6185,26.8482
2025-05-20,206.0426,455.5238,134.3483,260.6155,594.2098,43.7069,149.4974,312.7607,204.07,312.5815,102.3983,132.9586,345.7481,208.7298,26.6183
2025-05-21,201.2914,449.9561,131.7689,256.0639,581.4149,42.2986,149.0304,294.6708,201.12,309.2974,101.1396,131.3023,338.8428,205.7712,26.3212
2025-05-22,200.5643,452.2329,132.7987,255.701,586.0881,42.3573,148.4758,288.5339,203.1,307.2155,100.4664,131.0408,341.4941,207.4036,26.0913
2025-05-23,194.4984,447.58,131.2591,255.7402,586.3918,42.2497,148.7969,287.464,200.99,307.4696,100.525,132.2515,339.7134,205.9196,26.2733
2025-05-27,199.4189,458.0293,135.4681,260.2329,603.2329,43.2473,150.3741,286.9097,206.02,307.841,101.003,133.501,347.7465,210.0283,26.2446
2025-05-28,199.628,454.7185,134.7782,258.4672,596.0908,43.0908,149.5695,289.9344,204.72,305.7786,99.6273,131.7479,345.7481,208.3125,26.35
2025-05-29,199.1599,456.0309,139.1572,259.3304,592.5835,43.2668,150.6979,289.9927,205.7,304.8208,100.1932,133.5785,348.0235,208.8504,26.235
2025-05-30,200.0563,457.7012,135.0982,258.9675,591.1952,43.1593,152.2973,293.6302,205.01,306.7658,99.8127,132.4065,344.3037,210.223,26.6374
2025-06-02,200.903,459.3019,137.3476,259.6149,589.4919,43.1104,152.4837,296.3631,206.65,307.3556,100.5445,133.5107,340.9797,209.1565,26.762
2025-06-03,202.4668,460.2961,141.1867,261.1942,594.5231,43.6678,151.5221,292.9591,205.71,307.0706,101.2762,135.167,345.659,210.3157,26.7907
2025-06-04,202.0185,461.1909,141.8866,259.1833,589.9743,43.3842,150.3447,292.1421,207.23,306.2645,99.8127,133.0555,345.5898,210.9464,26.2158
2025-06-05,199.8372,464.9789,139.957,256.9566,596.5415,43.4038,150.7764,287.7266,207.91,303.7186,99.3541,132.6002,345.2238,210.223,26.5991
2025-06-06,203.1142,467.6633,141.6866,260.6645,604.5364,44.24,152.1207,294.9042,213.57,302.1262,101.7348,135.8063,349.5668,212.1799,26.9057
2025-06-09,200.654,470.0196,142.5964,261.6553,604.0638,44.1416,152.3169,294.875,216.98,299.5901,102.4178,136.339,354.2362,210.6496,26.6949
2025-06-10,201.8691,468.2002,143.9261,263.4798,605.393,44.358,153.514,295.4586,217.61,295.3142,104.6131,138.8476,354.7309,209.8427,27.2315
2025-06-11,197.9945,469.8903,142.8063,263.0384,614.5496,44.0039,152.3464,302.0429,213.2,296.5823,106.6523,140.2327,359.2519,209.4346,27.1549
2025-06-12,198.4128,476.1043,144.9759,263.1267,615.4751,43.8956,153.7201,309.7652,213.24,297.9977,107.0621,140.4168,357.0953,209.648,27.0878
2025-06-13,195.6737,472.2168,141.9464,259.8994,604.0835,43.3742,154.1518,304.9315,212.1,296.769,109.3939,141.3272,353.2271,208.0157,27.0111
2025-06-16,197.6359,476.3727,144.666,265.2063,618.1729,43.689,152.3071,301.3466,216.1,291.2447,109.7452,141.4435,358.5594,207.8302,26.8003
2025-06-17,194.8669,475.279,144.096,264.3823,615.0124,43.512,149.5204,302.5317,214.82,287.3325,111.2282,144.1749,353.8504,205.6972,26.4937
2025-06-18,195.8032,477.4663,145.4558,268.7376,625.449,44.3285,147.9014,300.896,212.52,284.6981,110.4379,143.5356,355.9477,205.7712,26.5033
2025-06-20,200.2057,474.6427,143.8261,269.7578,630.9233,44.7614,146.979,295.8125,209.69,282.5651,111.9112,144.8529,356.66,205.7064,26.6087
2025-06-23,200.7038,483.1931,144.146,272.9655,636.9096,45.5484,148.4803,294.5098,208.47,284.59,109.0232,142.2474,362.3089,208.433,27.0207
2025-06-24,199.5085,487.2793,147.8754,275.8985,651.9049,45.9025,149.334,299.3484,212.77,286.5068,105.7059,139.0414,369.0262,208.3032,27.0974
2025-06-25,200.7635,489.4269,154.2844,278.6451,659.5453,46.0894,149.4223,295.8223,211.99,280.6876,105.7351,138.7314,367.6016,205.6972,26.7524
2025-06-26,200.2057,494.5769,154.9942,283.2457,676.5688,46.6895,149.1574,296.41,217.12,280.7662,107.3157,139.9034,377.7913,209.954,26.8291
2025-06-27,200.2854,493.0757,157.7238,281.637,680.1625,46.3551,149.5499,302.7668,223.3,286.5854,106.7206,139.2738,380.591,212.2448,26.9057
2025-06-30,204.3593,494.5372,157.9637,284.3836,696.8414,46.5518,149.8835,305.5681,219.39,287.1949,105.179,138.6927,384.0535,215.9824,27.7298
2025-07-01,206.9988,489.2081,153.2745,284.8741,695.5713,47.3683,152.994,319.4474,220.46,292.4243,106.584,140.9979,386.7345,221.445,27.6723
2025-07-02,211.6005,488.2537,157.2239,286.4337,704.856,47.9192,152.6407,301.2486,219.92,289.613,108.35,143.3322,394.1641,221.8994,27.1261
2025-07-03,212.7061,495.9589,159.3135,291.7563,712.5259,48.1357,153.0823,302.2183,223.41,289.0723,109.472,143.71,393.6002,222.9568,27.174
2025-07-07,209.1204,494.8454,158.2137,287.7841,699.9724,47.8701,152.3562,297.4776,223.47,288.5317,108.4085,142.7704,387.3182,221.983,27.2219
2025-07-08,209.1801,493.7517,159.9734,278.7259,686.5328,46.3846,152.8664,301.3858,219.36,286.7034,111.4136,148.427,390.0684,222.4003,27.1069
2025-07-09,210.3057,500.6019,162.8529,279.1004,685.8239,46.0796,153.3472,296.6941,222.54,288.0304,111.0331,148.2139,397.8739,221.3987,26.9249
2025-07-10,211.5706,498.5837,164.0727,284.0583,698.1903,46.2075,154.7308,293.3638,222.26,293.309,112.1356,149.3278,403.9581,219.5902,26.7294
2025-07-11,210.3256,500.413,164.8926,282.7474,694.0846,45.9714,153.9556,297.8596,225.02,294.8031,112.6235,150.432,401.5739,218.8111,26.1004
2025-07-14,207.7956,500.1148,164.0427,284.561,702.3059,46.3059,153.8771,294.4119,225.69,296.7395,111.1502,146.887,401.4255,220.7865,26.2842
2025-07-15,208.2837,502.8986,170.6716,282.4418,691.6822,45.4008,152.2581,285.7239,226.35,294.518,110.1647,145.9571,400.3076,218.2268,26.1487
2025-07-16,209.3295,502.6998,171.3415,281.7223,697.8949,45.2827,161.6877,286.4879,223.19,293.8103,109.5013,145.2113,408.4594,219.6922,26.081
2025-07-17,209.1901,508.7446,172.9712,285.7438,694.9609,46.2567,159.9215,282.1586,223.88,295.2552,108.9451,146.6254,413.5938,221.0741,26.1197
2025-07-18,210.3455,507.1042,172.3813,287.0941,697.3436,46.5518,160.628,276.8498,226.13,292.0114,105.1497,145.3275,409.2805,219.3768,26.0713
2025-07-21,211.6404,507.1141,171.3515,286.7984,695.1184,46.7092,161.2756,276.3503,229.3,290.7041,105.4229,144.9788,407.1656,218.1526,26.4971
2025-07-22,213.5528,502.3518,167.0022,287.2518,689.6145,46.9945,164.7786,279.2789,227.47,294.0757,105.901,145.3275,414.2352,219.4139,26.5359
2025-07-23,213.3038,502.9483,170.7516,292.5054,706.4608,47.3585,165.9267,286.5075,228.29,293.0436,107.2572,148.3108,424.5615,221.9088,26.8552
2025-07-24,212.9153,507.9294,173.7111,292.2984,708.0952,47.6044,166.378,272.8633,232.23,289.4655,108.0963,150.9357,426.4778,208.1919,27.0197
2025-07-25,213.0348,510.743,173.4712,294.3388,717.7442,47.6635,165.1417,275.2924,231.44,293.3876,107.7158,149.9768,430.6779,207.9693,27.0971
2025-07-28,213.2042,509.54,176.7206,294.0036,712.4963,47.447,163.1007,276.3307,232.79,294.1248,108.7305,151.3715,429.8736,208.7484,26.71
2025-07-29,210.4351,509.6096,175.4808,292.7814,720.698,47.1716,164.9552,255.7126,231.01,297.5161,110.1355,152.098,427.0041,205.6322,26.5262
2025-07-30,208.2239,510.2757,179.2402,295.3343,719.4869,47.1814,164.1212,260.5807,230.19,298.4401,109.1793,148.737,431.0452,206.0403,26.6133
2025-07-31,206.7498,530.4187,177.8404,291.9929,712.4373,46.5026,161.6485,244.4388,234.11,294.9603,108.9256,146.8773,434.9176,206.2165,26.5262
2025-08-01,201.5803,521.083,173.6911,285.2214,698.6334,44.9188,164.1899,232.8908,214.75,297.7323,106.9742,146.6448,425.6537,201.9131,26.8552
2025-08-04,202.5464,532.5464,179.9701,290.0413,714.8397,45.1057,167.8302,236.0349,211.65,299.0495,104.7594,146.2961,430.6282,204.7696,26.7875
2025-08-05,202.1181,524.7019,178.2304,287.1927,709.7986,44.8204,167.5359,245.8493,213.75,293.6825,104.6326,148.2333,431.1545,205.0201,26.8746
2025-08-06,212.4073,521.9082,179.3902,287.173,713.5695,44.6826,167.3887,240.7364,222.31,302.4211,103.9203,147.9815,424.6906,203.3228,26.6036
2025-08-07,219.1605,517.8319,180.74,282.8262,708.6466,44.1908,168.3111,239.6492,223.13,302.6668,103.374,148.3495,414.1656,200.8651,27.1552
2025-08-08,228.4437,519.0249,182.6696,284.6201,710.153,45.2631,170.0773,245.7415,222.69,300.2487,104.2033,150.1414,413.5699,200.6147,27.1746
2025-08-11,226.5391,518.7565,182.0297,285.4087,708.1543,45.4106,170.5581,247.1912,221.3,299.1773,103.2569,148.6304,405.6464,200.7446,27.2326
2025-08-12,229.0021,526.1833,183.1296,288.6515,731.9222,46.7289,169.5376,256.2024,221.47,296.5036,103.5496,149.5893,409.7869,201.264,27.5617
2025-08-13,232.6717,517.5734,181.5598,286.3647,733.2121,46.4731,171.1468,266.2322,224.56,299.8752,104.9838,150.9744,410.7699,203.7958,27.4843
2025-08-14,232.1233,519.4624,181.9898,289.9427,735.6834,46.9355,171.4412,265.9188,230.98,303.6891,104.7692,150.2867,414.543,202.3675,27.823
2025-08-15,230.9367,517.1657,180.42,286.3253,719.4574,46.178,173.3252,297.7715,231.03,303.6695,104.8677,151.6331,404.9017,202.0876,27.9391
2025-08-18,230.2386,514.1135,181.9798,287.3504,719.6937,47.1421,172.9425,302.1595,231.49,303.4434,105.0942,150.4417,409.7174,201.7426,27.9875
2025-08-19,229.9096,506.8258,175.6108,286.4929,710.2613,47.2995,174.4634,297.9968,228.01,305.6354,105.7835,148.8649,413.1429,202.0596,28.0455
2025-08-20,225.3724,502.7992,175.3709,288.0502,709.5721,47.5651,175.4839,293.6871,223.81,307.7488,106.8766,150.0597,417.6111,202.3019,28.3359
2025-08-21,224.2655,502.1519,174.9509,287.2913,704.915,47.4765,175.5722,297.125,221.95,307.8864,107.5659,152.3417,414.9302,202.6935,28.4907
2025-08-22,227.1175,505.1295,177.9604,291.9929,730.4552,48.6767,175.9254,301.1115,228.84,308.722,109.5847,154.9174,432.5843,207.737,27.8423
2025-08-25,226.5192,502.1718,179.7801,290.6721,727.403,48.6767,175.0619,298.604,227.94,308.1027,110.0377,154.937,429.2381,205.6674,27.8133
2025-08-26,228.6631,499.961,181.7398,294.2895,737.4064,49.4342,174.4491,294.2649,228.71,307.6112,109.7915,154.1143,428.2055,207.4854,27.6391
2025-08-27,229.8398,504.6415,181.5698,294.9893,738.1153,49.5621,174.7456,297.6441,229.12,306.1269,111.0323,155.9556,429.6055,206.2641,28.123
2025-08-28,231.9039,507.5295,180.1401,296.7536,739.6414,49.6703,173.4211,296.0868,231.6,306.9035,111.6232,156.0339,431.8296,206.3573,28.0068
2025-08-29,231.4851,504.5917,174.1511,297.0986,737.6914,49.9163,175.1212,303.5112,229.0,308.201,112.5488,157.2875,416.072,204.6326,28.3456
2025-09-02,229.0719,503.0282,170.7516,295.4033,723.4374,49.6015,176.001,302.4632,225.34,312.1328,112.9427,158.4921,413.1032,202.8613,28.1423
2025-09-03,237.7972,503.2573,170.5916,295.216,723.1504,49.2473,175.9416,301.5621,225.99,312.7556,110.2051,154.7999,412.1798,199.5051,28.1036
2025-09-04,239.1035,505.8664,171.6315,299.4642,741.3044,49.7982,176.6929,304.0108,235.68,313.3487,110.6876,154.4375,417.2437,200.5866,28.6262
2025-09-05,239.0138,492.9501,166.9922,290.1595,730.7228,49.2344,176.3667,308.918,232.33,310.7687,107.5659,150.4907,420.0834,199.7382,28.6359
2025-09-08,237.2089,496.1369,168.282,288.7106,734.3259,48.9277,176.0701,313.6782,235.84,309.2068,108.1765,150.8236,419.7856,200.2044,27.9681
2025-09-09,233.6889,496.346,170.7316,293.5798,756.172,49.7488,174.9137,340.7804,238.24,308.9301,108.9643,151.6561,415.1288,199.6916,28.4714
2025-09-10,226.1502,498.2979,177.3005,296.2312,761.7746,49.5905,173.7572,339.6638,230.33,302.4256,110.7861,154.5355,419.9146,197.3609,28.2585
2025-09-11,229.3811,498.9352,177.1505,301.1793,776.771,50.2038,176.4359,346.3536,229.95,304.887,110.4316,154.986,428.3246,200.7264,28.5391
2025-09-12,233.4097,507.7884,177.8005,302.5099,772.1483,50.0356,176.001,345.2762,228.15,301.8918,110.4513,153.8695,428.4637,197.1372,28.6165
2025-09-15,236.0322,513.2258,177.7305,304.4714,778.7804,50.0455,175.3486,342.9008,231.43,298.6001,110.6384,154.0654,432.8524,197.3983,28.6649
2025-09-16,237.4781,506.932,174.8608,304.7572,777.5629,50.1148,174.4195,334.9071,234.05,299.8061,112.9329,156.2494,437.5488,196.6618,28.3843
2025-09-17,238.3158,507.9079,170.2713,307.2805,786.1647,50.8468,175.1509,336.7108,231.62,301.4668,113.5336,156.788,447.4681,197.3423,28.5875
2025-09-18,237.2089,506.3444,176.2206,308.7393,796.1524,51.569,172.1461,330.0182,231.23,297.6808,112.1943,155.5638,463.6526,195.9625,28.2585
2025-09-19,244.8074,515.7852,176.6506,310.2671,796.8354,51.6877,174.1526,331.8614,231.48,298.9065,111.1012,152.9881,463.2356,195.1887,28.0746
2025-09-22,255.3576,512.3196,183.5898,307.9606,797.3897,51.3612,172.1955,336.4053,227.63,299.5095,110.3134,152.8314,468.7562,194.8438,27.9875
2025-09-23,253.7122,507.1212,178.4104,308.2563,798.142,51.1436,174.5381,342.7037,220.71,299.7072,112.214,154.1731,467.9222,195.1329,27.8617
2025-09-24,251.5982,508.0374,176.9506,308.9266,784.3929,51.1436,174.6468,346.7646,220.21,300.8341,112.8147,155.8968,466.4626,194.4709,27.4068
2025-09-25,256.1453,504.9303,177.6705,308.9561,786.6992,51.292,175.6748,340.6042,218.15,298.8275,113.829,157.405,460.4356,193.6318,27.3875
2025-09-26,254.7393,509.342,178.1704,311.5287,794.3706,51.6481,177.6319,339.1454,219.78,301.7337,115.4342,156.8566,462.4611,194.0887,27.3972
2025-09-29,253.7122,512.469,181.83,311.164,795.9643,51.8558,179.5198,340.2296,222.17,299.5095,112.4799,152.8803,468.2697,195.1049,27.1649
2025-09-30,253.9117,515.8051,186.5595,310.9078,788.2731,51.0348,183.2758,340.3479,219.57,300.3992,111.0323,152.087,473.7705,196.2422,27.3294
2025-10-01,254.7293,517.5578,187.2194,306.2554,777.5431,50.1346,183.8986,343.3049,220.63,297.0679,110.2839,151.3917,477.4145,195.9439,26.6617
2025-10-02,256.4046,513.6042,188.8693,303.1407,771.4752,49.9367,183.8294,348.6472,222.41,296.4353,109.5945,150.2066,487.0954,196.7177,26.1391
2025-10-03,257.2921,515.2076,187.5994,305.5852,781.9677,50.095,186.4586,355.0342,219.51,297.5226,111.5345,150.3829,494.3239,194.8904,26.1875
2025-10-06,255.9658,526.3811,185.5196,306.229,788.6988,49.8477,185.9842,353.6248,220.9,292.6394,112.4602,150.8432,491.8714,194.8438,25.0358
2025-10-07,255.7564,521.8101,185.0197,304.7532,781.6411,49.7488,186.7057,358.4446,221.78,292.9162,112.5193,151.7149,483.2628,194.8251,25.3165
2025-10-08,257.332,522.6765,189.0892,301.1281,768.6343,49.3036,187.4965,364.6148,225.22,291.0182,112.283,150.569,498.5636,195.6362,25.4036
2025-10-09,253.3233,520.2367,192.5489,302.6138,772.0493,49.2542,188.8704,362.4168,227.74,290.435,111.1899,148.5123,496.8161,190.3969,25.2584
2025-10-10,244.5781,508.844,183.1399,298.0181,756.6076,48.1264,188.5146,349.416,216.37,293.5982,109.0431,145.8288,487.8203,187.3018,25.3054
2025-10-13,246.9613,511.9212,188.2993,305.0305,778.8002,48.3342,188.6925,353.5163,220.07,296.6626,110.5301,148.8061,501.1849,189.1663,25.0315
2025-10-14,247.071,511.4432,180.0102,299.1967,762.9427,49.5509,188.6431,354.7681,216.39,301.0615,110.5793,149.2469,523.7341,194.4802,25.5597
2025-10-15,248.6366,511.3038,179.8103,302.7723,760.1414,51.7174,188.9594,355.9706,215.57,301.7436,109.9097,148.9726,530.2675,188.7841,25.501
2025-10-16,246.7519,509.4913,181.79,295.6905,750.4012,49.8972,189.8984,351.5549,214.47,301.8227,108.9544,148.5809,537.1285,189.4087,25.6282
2025-10-17,251.5783,511.4532,183.1999,294.7199,743.1554,50.7281,190.9856,351.4859,213.04,304.5509,110.5301,149.9226,523.3468,189.2129,25.7651
2025-10-20,261.5002,514.6499,182.6199,299.4741,755.5781,51.4799,191.4799,359.2529,216.48,304.2346,110.9831,151.2937,528.9331,192.0749,25.5303
2025-10-21,262.0287,515.5163,181.1401,294.2544,751.2821,50.9655,189.6611,360.1301,222.03,303.948,110.9929,150.618,522.4307,194.9184,25.4814
2025-10-22,257.7209,518.3844,180.2602,291.3028,737.048,50.5501,190.7089,356.3057,217.95,306.5477,112.9624,152.3613,511.7362,192.6157,24.9924
2025-10-23,258.8477,518.4043,182.14,291.7287,743.1653,51.203,190.2443,355.2807,221.09,303.4438,114.2131,153.3308,518.2983,205.7233,24.0826
2025-10-24,262.0785,521.4417,186.2395,297.5724,775.9296,52.0042,188.1983,357.3013,224.21,302.2774,113.6321,152.3515,520.5188,201.5002,24.5913
2025-10-27,268.0516,529.3189,191.469,301.247,781.9776,52.4494,188.0994,360.7313,226.97,306.439,114.1737,152.0772,524.8405,200.5027,24.9728
2025-10-28,268.2411,539.8252,201.0079,302.4454,784.0563,52.301,184.7684,362.5647,229.25,302.8804,113.2776,150.951,522.2515,199.8873,25.1391
2025-10-29,268.9391,539.3074,207.0173,302.594,775.1179,52.0141,184.4422,350.1651,230.3,298.8769,114.6759,151.901,583.0134,198.4703,24.5913
2025-10-30,270.6343,523.5828,202.8677,306.4865,782.1459,52.4593,186.8639,339.8058,222.86,298.956,112.9427,150.3535,580.6833,197.9359,24.1413
2025-10-31,269.6072,515.6657,202.4678,308.1505,781.3639,52.8748,186.6859,336.6616,244.22,295.0019,112.6178,154.4669,574.8182,199.1426,24.2098
2025-11-03,268.291,514.8889,206.8573,306.3974,777.553,52.9836,184.1061,329.003,254.0,292.9656,112.0269,150.8628,568.1764,195.6213,23.9946
2025-11-04,269.2782,512.2001,198.6682,306.2983,782.8091,52.9638,184.6992,326.0854,249.32,295.773,112.4011,150.2262,545.2637,194.3255,23.9066
2025-11-05,269.3779,505.0598,195.1886,308.7051,785.0462,51.8855,183.8491,323.0398,250.2,302.1587,111.9481,149.5113,566.7425,194.9091,24.024
2025-11-06,269.0089,495.0414,188.0593,310.4285,779.5921,52.7165,184.8079,316.9484,243.04,294.9821,112.7556,149.7855,567.3698,193.7815,24.2
2025-11-07,267.7126,494.7626,188.1293,311.211,778.3646,52.6275,184.4125,319.5604,244.41,296.2178,115.4342,151.8226,560.7181,191.9615,24.2881
2025-11-10,268.9303,503.9046,199.0281,313.8654,789.1145,52.8451,186.2313,316.9681,248.4,295.6642,116.419,152.4396,568.4353,193.9398,24.2881
2025-11-11,274.7396,506.5735,193.1388,312.6075,802.0915,53.0528,191.5886,322.7539,249.1,303.3054,117.9552,153.0174,565.5276,198.2326,24.6304
2025-11-12,272.9629,509.0233,193.7787,317.3518,830.4608,53.5277,192.1421,334.1974,244.2,303.4142,116.3205,150.1577,570.5961,199.3998,25.0902
2025-11-13,272.4438,501.2058,186.8395,306.5261,797.3303,52.301,192.9922,327.7512,237.58,304.0468,116.9803,152.3711,551.2085,197.6985,25.188
2025-11-14,271.9048,508.0673,190.1491,300.7121,782.8883,52.0438,193.6643,317.2441,234.69,303.5031,118.5002,154.369,551.6864,198.0567,25.0315
2025-11-17,266.964,505.3884,186.5795,297.5031,767.694,50.926,197.2721,315.9233,232.87,301.3976,116.9008,151.6267,549.7148,195.1113,24.9141
2025-11-18,266.944,491.7451,181.3401,296.5522,768.4265,51.0842,197.6872,309.0828,222.55,301.0912,118.2419,152.1318,544.5667,190.5042,25.0413
2025-11-19,268.062,485.1028,186.4995,300.3754,778.0182,51.4602,200.1682,304.6572,222.69,299.2624,116.573,150.2304,550.7703,189.6285,24.7185
2025-11-20,265.7562,477.3405,180.6202,295.5321,765.8528,50.4511,200.7217,307.0721,217.14,300.6661,116.2452,148.8539,543.8199,187.2105,24.963
2025-11-21,270.9865,471.0449,178.8604,295.1755,766.1795,51.0051,201.5421,315.3812,220.69,305.7965,116.3048,148.5271,548.1017,189.0813,25.3641
2025-11-24,275.4083,472.9206,182.53,295.1557,782.6903,51.3711,203.6673,314.4744,226.28,301.3976,115.2021,148.2993,557.2329,187.728,25.0608
2025-11-25,276.4564,475.9038,177.8005,300.108,794.1826,51.9152,205.5771,321.6007,229.67,306.8838,113.7518,147.0911,564.2132,190.0763,25.2956
2025-11-26,277.0353,484.3944,180.2402,304.7037,807.7337,52.4197,206.4624,324.9815,229.16,308.8114,114.0101,148.0616,571.3031,189.0514,25.2565
2025-11-28,278.3329,490.8896,176.9806,310.0918,817.662,53.0726,205.8258,325.0407,233.22,308.2381,115.1525,149.6659,573.3245,191.2405,25.4521
2025-12-01,282.575,485.6316,179.9002,305.9715,802.6359,52.667,204.2542,318.5747,233.88,301.8836,115.8578,151.0623,565.6571,189.2803,25.2271
2025-12-02,285.6593,488.8841,181.4401,304.9414,810.9422,52.6176,204.3337,319.8857,234.42,299.0494,114.616,148.7944,580.0061,192.1958,24.963
2025-12-03,283.623,476.6421,179.5703,309.1508,832.1904,53.5079,204.2442,334.8381,232.38,306.0006,117.02,150.1215,588.988,192.5142,24.7674
2025-12-04,280.1794,479.745,183.3701,313.0829,833.4438,53.5771,201.4093,328.7073,229.11,306.826,116.3644,150.785,596.6156,191.2803,24.8358
2025-12-05,278.263,482.0597,182.4001,312.033,850.0862,53.6467,200.8622,326.1643,229.53,309.501,115.7684,148.5469,600.6186,190.3848,24.7282
2025-12-08,277.3747,489.9018,185.54,312.2014,862.1527,53.597,200.5538,321.1235,226.89,308.069,115.2121,147.2694,593.9768,191.0415,24.2978
2025-12-09,276.666,490.8995,184.96,297.6417,871.9909,53.239,198.9026,321.1036,227.92,309.0635,117.467,147.0515,591.8458,189.2305,23.975
2025-12-10,278.263,477.4702,183.7701,307.1501,884.5847,53.776,205.4478,325.8368,231.78,308.8049,118.7485,149.9432,612.7471,191.1112,23.8577
2025-12-11,277.5144,482.369,180.9202,314.3507,906.2606,54.2533,208.8995,334.1324,230.28,307.9895,118.7485,149.2599,622.9637,192.8923,23.7696
2025-12-12,277.7639,477.4403,175.0105,315.4798,883.3114,54.83,210.4612,339.2029,226.19,314.9605,118.0333,148.537,595.3609,192.7033,24.0435
2025-12-15,273.6017,473.7387,176.2805,316.9655,884.9328,55.019,213.0375,338.4686,222.54,316.9594,116.9803,148.3488,587.2653,196.4746,23.7794
2025-12-16,274.1007,475.3051,177.7104,312.5382,874.5475,54.5019,208.1932,331.6219,222.56,312.7529,113.9207,145.3283,586.4388,197.2806,23.5447
2025-12-17,271.3359,475.0357,170.9307,311.9736,867.7632,54.2434,209.2178,329.0717,221.27,316.9196,116.6326,148.0715,559.5132,198.9025,23.8283
2025-12-18,271.6852,482.8778,174.1306,310.0125,871.7124,53.955,207.2085,325.6086,226.76,317.8743,115.7684,146.2592,563.4365,197.1014,23.7305
2025-12-19,273.1625,484.8134,180.9802,314.1823,888.8025,54.9593,205.2787,324.8942,227.35,314.0854,115.9174,146.3187,573.7826,198.1264,23.6229
2025-12-22,270.4675,483.8157,183.6801,320.0062,894.2936,55.5659,206.2237,322.6516,228.43,314.4633,117.3677,148.3488,579.9464,194.9919,23.7696
2025-12-23,271.8549,485.7413,189.1998,322.8191,896.9894,55.6554,204.6918,322.2944,232.14,309.1132,118.6293,149.0519,579.9564,194.5342,23.9261
2025-12-24,273.3022,486.9086,188.5998,326.0282,906.0119,55.9338,206.6813,325.0529,232.38,311.5894,118.4306,149.042,581.2907,195.9571,24.1218
2025-12-26,272.893,486.5993,190.5197,324.7802,902.2915,55.8542,206.5321,329.2702,232.52,308.9541,118.3213,148.5667,580.5339,196.3949,24.112
2025-12-29,273.2523,485.9907,188.2098,320.6599,887.5093,55.0389,206.4624,326.4024,232.07,306.816,119.7319,149.5273,576.1625,196.1163,24.2294
2025-12-30,272.5736,486.3699,187.5299,320.3331,879.7899,54.9693,205.8159,329.5976,232.53,306.3188,120.1889,150.8345,574.9476,195.3899,24.2685
2025-12-31,271.3558,482.5187,186.4899,319.1445,874.3983,54.6908,205.8557,327.5634,230.82,303.9322,119.5432,150.9335,570.4467,194.1262,24.2978
2026-01-02,270.5074,471.863,188.8398,322.3734,909.5533,55.6355,206.2535,333.8049,226.5,301.5753,121.8379,154.3897,595.8787,194.9123,24.024
2026-01-05,266.7644,471.7732,188.1098,330.8517,943.4747,56.5702,203.2296,339.3815,233.06,298.1942,124.53,162.2627,613.4939,200.0966,24.1707
2026-01-06,261.8735,477.4203,187.2299,332.9112,950.4679,56.9282,203.7071,346.2779,240.93,301.088,120.2485,155.0235,620.4543,203.9276,23.8088
2026-01-07,259.8472,482.369,189.0998,325.3299,936.0936,55.3272,206.3928,339.064,241.56,302.4703,117.7054,153.6965,593.9967,198.5244,23.4468
2026-01-08,258.5596,477.0212,185.03,328.1157,929.936,55.8642,204.662,344.1743,246.29,307.1641,122.0962,157.7072,605.5576,204.2261,23.6425
2026-01-09,258.889,478.1885,184.85,327.5187,934.0643,55.536,203.3092,341.3264,247.38,305.6128,123.7849,160.5395,615.0075,206.3555,23.4664
2026-01-12,259.7674,476.0933,184.93,322.8426,944.5789,54.8798,208.611,337.8832,246.47,305.0459,123.2088,160.7673,627.1061,207.5695,23.4941
2026-01-13,260.5659,469.5982,185.7999,309.3216,933.2386,54.2334,212.5202,331.354,242.6,307.721,125.7021,162.2825,633.8375,209.2412,23.0587
2026-01-14,259.4779,458.3339,183.1301,306.3069,927.7873,52.185,217.3943,332.376,236.65,306.4183,129.3379,165.6198,636.0481,211.9875,23.3655
2026-01-15,257.7312,455.6201,187.0399,307.6899,970.7512,52.2944,218.4089,336.3452,238.18,306.9055,128.275,164.5503,644.4424,213.9578,23.4842
2026-01-16,255.0561,458.8128,186.2199,310.8836,956.9638,52.6722,217.5037,328.4664,239.12,305.7222,129.03,164.6493,644.1536,218.3062,23.2467
2026-01-20,246.2425,453.4849,178.0604,301.203,938.4313,51.8071,217.0561,335.8192,231.0,301.1577,129.5962,163.6986,627.8048,214.0075,23.2071
2026-01-21,247.1907,443.0986,183.3101,300.5065,948.0208,51.7773,216.8572,345.0673,231.31,303.9918,132.7253,165.1148,644.1536,218.0873,23.2566
2026-01-22,247.8894,450.1126,184.83,302.0885,949.6522,52.1552,217.3346,351.7355,234.34,304.3299,132.7551,165.0455,647.1779,221.4406,23.3358
2026-01-23,247.58,464.8889,187.6598,296.2085,914.0695,51.4293,218.9759,353.5117,239.16,307.532,134.0763,165.1049,625.4293,220.3659,23.3457
2026-01-26,254.9363,469.209,186.4599,299.5116,926.9815,51.7276,220.3188,348.9273,238.42,311.2115,133.9472,165.8773,634.7116,220.0674,23.2071
2026-01-27,257.791,479.4856,188.5098,298.7853,924.8528,51.8767,223.2532,280.5192,244.68,312.3849,135.924,167.4123,637.6959,219.8187,22.7618
2026-01-28,255.9644,480.5332,191.5096,299.243,931.9056,51.5188,226.5158,291.7518,243.01,311.0623,136.669,168.2838,642.0576,215.5698,23.8207
2026-01-29,257.801,432.5128,192.4996,304.8643,935.1983,52.7816,226.0881,290.0352,241.73,313.7573,139.5796,169.5316,663.9759,226.1174,24.8697
2026-01-30,258.9988,429.3101,191.1197,304.337,930.513,52.9009,226.0483,284.7165,239.3,313.2501,140.4638,175.1863,656.1109,226.396,25.9385
2026-02-02,269.5093,422.4059,185.6,306.5756,941.3758,53.7263,229.5298,283.3869,242.96,316.7605,137.4836,172.3441,689.5971,226.4358,26.0276
2026-02-03,268.9803,410.2736,180.3302,313.2515,934.0742,54.1439,231.8674,281.9877,238.62,317.7052,142.7783,176.3152,701.5544,229.7693,26.5521
2026-02-04,275.9773,413.2468,174.1806,315.6592,908.5187,55.0687,233.2301,273.7915,232.99,321.8918,146.6128,179.4743,690.5054,234.1873,26.9381
2026-02-05,275.3983,392.7735,171.8707,308.5853,885.7485,54.6312,236.5326,266.4783,222.69,321.683,145.1128,177.4937,677.0211,232.6947,27.0271
2026-02-06,277.6042,400.2265,185.4,320.7632,923.8878,56.2122,238.7209,274.5158,210.32,325.3426,148.0631,179.1079,724.8201,237.2024,26.849
2026-02-09,274.3672,412.6581,190.0297,320.4647,938.68,56.0929,237.3781,273.5732,208.72,323.7912,150.2088,180.831,740.7098,238.6551,26.8292
2026-02-10,273.4281,412.3289,188.5298,316.6641,944.0219,55.0786,237.0896,271.1123,206.96,324.1592,150.5863,180.4943,740.9593,242.1378,27.1261
2026-02-11,275.2464,403.4491,190.0397,309.242,939.6449,53.5473,239.5863,276.7584,204.08,321.4145,154.53,184.0198,773.5273,241.501,28.1751
2026-02-12,261.4891,400.9249,186.9299,301.1035,899.8145,52.2248,243.2568,282.1763,199.6,330.2352,149.93,180.633,756.8491,238.6452,28.5017
2026-02-13,255.5446,400.4061,182.8001,301.014,900.4014,52.2546,242.1626,290.9282,198.79,325.7602,148.45,181.96,772.7289,240.1875,28.3928
2026-02-17,263.6371,395.9562,184.96,305.5707,911.2444,52.4435,242.0433,286.8599,201.15,325.8,146.19,180.55,763.3068,241.4513,28.3829
2026-02-18,264.1067,398.69,187.9698,307.2123,928.8418,53.06,243.6945,285.9767,204.79,326.0685,150.68,183.87,750.5411,239.9487,27.5912
2026-02-19,260.3401,398.46,187.8898,306.486,911.8512,52.4734,245.6043,287.6934,204.86,325.2928,150.97,184.78,759.0848,239.5805,27.5912
2026-02-20,264.3365,397.23,189.8097,309.2121,917.4119,52.7617,241.2077,287.7628,210.11,327.4011,147.28,183.93,758.2963,242.7647,27.6902
2026-02-23,265.935,384.47,191.5396,296.1587,887.6386,50.7829,244.54,280.1619,205.27,332.7014,150.76,184.91,755.0325,241.8592,28.2246
2026-02-24,271.8895,389.0,192.8396,295.7906,897.5465,50.1266,246.28,271.8367,208.56,331.1998,149.26,185.34,766.7702,242.4065,28.0564
2026-02-25,273.9776,400.6,195.5494,301.7601,916.5564,51.3994,245.17,282.0076,210.64,331.1601,149.06,184.22,765.1533,241.0035,27.5813
2026-02-26,272.6988,401.72,184.88,304.5758,924.1365,52.006,243.47,284.4486,207.92,332.6716,148.54,184.16,751.4993,239.69,27.1756
2026-02-27,263.9368,392.74,177.1804,298.7754,855.07,49.5499,248.43,291.0076,210.0,339.1653,152.5,186.76,741.4185,243.59,27.7199
2026-03-02,264.4763,398.55,182.4701,296.0493,861.7,49.53,248.56,292.6548,208.39,332.96,154.22,189.6,750.8904,248.04,27.7199
2026-03-03,263.5072,403.93,180.0403,298.7356,862.58,49.6891,246.75,286.9789,208.73,332.17,151.83,188.77,720.8077,243.85,28.373
2026-03-04,262.2784,405.2,183.0301,297.87,867.25,50.0172,245.3,289.7077,216.82,331.74,149.82,186.03,730.5791,245.97,28.6798
2026-03-05,260.0504,410.68,183.3301,292.0596,835.46,49.53,239.63,286.5423,218.94,327.45,150.76,189.9,704.7383,238.38,28.6699
2026-03-06,257.223,408.96,177.8104,288.0103,821.42,48.64,240.4,284.27,213.21,328.06,151.21,189.94,679.6061,235.29,28.3434
2026-03-09,259.6408,409.41,182.6401,288.4481,832.03,47.9,242.59,285.17,213.49,330.8,150.44,189.44,703.4807,237.59,27.2449
2026-03-10,260.5899,405.76,184.76,287.2641,833.81,48.56,243.71,282.34,214.33,327.94,148.13,186.29,715.3182,240.61,27.423
2026-03-11,260.5699,404.88,186.03,286.0603,823.76,48.52,242.99,285.25,212.65,325.21,151.58,191.79,706.2454,239.44,26.8787
2026-03-12,255.5246,401.86,183.14,281.4538,787.52,47.13,242.04,277.05,209.53,323.91,153.53,196.97,699.3585,233.4,27.1063
2026-03-13,249.8898,395.55,180.25,282.001,782.21,46.72,241.52,282.09,207.67,326.46,156.12,196.82,692.6713,234.5,27.4329
2026-03-16,252.5873,399.95,183.22,284.7072,794.77,47.06,243.19,285.49,211.74,326.65,157.23,196.84,698.4503,234.51,27.4428
2026-03-17,253.996,399.41,181.93,285.4335,807.04,47.28,238.11,287.57,215.2,326.3,158.81,197.97,700.6661,231.42,27.5615
2026-03-18,249.7099,391.79,180.4,286.2791,805.48,46.83,237.28,284.33,209.87,315.73,157.59,198.61,692.302,229.92,27.1261
2026-03-19,248.7308,389.02,178.56,286.508,809.5,47.01,237.6,280.44,208.76,309.58,158.16,201.44,687.3414,229.03,27.4527
2026-03-20,247.7617,381.87,172.7,285.1051,813.53,47.16,235.37,275.59,205.37,308.85,159.67,201.73,679.5862,221.5,28.0168
2026-03-23,251.2585,383.0,175.64,288.4381,831.27,47.52,235.42,269.54,210.14,308.47,161.13,205.21,700.3666,223.01,28.4621
2026-03-24,251.4084,372.74,175.2,290.9155,835.72,48.14,235.27,272.28,207.24,307.84,165.38,206.79,715.2683,221.57,28.571
2026-03-25,252.3875,371.04,178.68,293.9202,841.84,48.75,239.93,270.55,211.71,311.7,163.26,205.15,717.6737,225.79,28.5116
2026-03-26,252.6572,365.97,171.24,290.1792,822.64,48.24,239.24,268.05,207.54,308.93,165.43,207.79,701.8538,225.17,28.6205
2026-03-27,248.571,356.77,167.52,281.404,802.89,46.97,240.45,259.02,199.34,305.9,170.99,211.15,694.0786,223.12,28.7986
2026-03-30,246.403,358.96,165.17,282.3293,807.6,47.23,242.49,261.79,200.95,308.53,171.47,210.71,666.1617,223.48,28.4819
2026-03-31,253.5564,370.17,174.4,292.6665,845.99,48.75,244.44,270.59,208.27,310.79,169.66,206.9,707.1138,226.03,28.6897
2026-04-01,255.3947,369.37,175.75,293.8804,860.21,49.27,244.12,273.98,210.57,307.29,160.78,197.41,728.9322,228.2,28.0168
2026-04-02,255.6844,373.46,177.39,293.1043,863.04,49.38,243.04,277.26,209.77,307.14,160.69,198.97,715.8571,229.45,28.0366
2026-04-06,258.6217,372.88,177.64,295.45,866.05,50.06,240.97,281.36,212.79,309.76,163.37,198.86,719.8695,228.21,28.0267
2026-04-07,253.2667,372.29,178.1,297.4,864.15,50.28,238.41,307.73,213.77,304.85,163.91,201.54,723.0634,223.84,27.7496
2026-04-08,258.6617,374.33,182.08,307.97,905.75,51.88,241.3,305.98,221.25,307.01,156.22,192.89,770.1138,232.47,27.0667
2026-04-09,260.2502,373.07,183.91,310.33,903.72,52.71,241.31,306.91,233.65,309.55,155.04,190.36,785.5744,236.06,26.562
2026-04-10,260.2402,370.87,188.63,309.87,907.8,52.54,238.46,304.33,238.38,305.68,152.51,188.55,789.1576,235.04,26.46
2026-04-13,258.9614,384.37,189.31,313.68,890.79,53.35,237.96,313.0,239.89,304.51,152.64,191.78,790.2255,233.64,25.61
2026-04-14,258.5917,393.11,196.51,311.12,909.63,53.35,240.1,314.19,249.02,303.22,149.24,187.02,792.7408,233.24,25.62
2026-04-15,266.1848,411.22,198.87,305.93,899.49,54.32,238.67,314.05,248.5,306.26,149.01,184.91,768.7065,232.19,25.46
2026-04-16,263.1575,420.26,198.35,309.95,900.0,53.51,234.54,316.4,249.7,306.96,151.98,188.15,771.1918,229.38,26.4
2026-04-17,269.9813,422.79,201.68,310.29,925.95,53.91,234.18,324.63,250.56,311.36,146.44,183.99,793.14,233.55,26.51
2026-04-20,272.7987,418.07,202.06,316.99,941.74,53.95,230.69,323.48,248.28,306.94,147.68,183.25,798.4,229.74,26.18
2026-04-21,265.925,424.16,199.88,313.0,926.55,53.48,226.16,346.01,249.91,301.84,148.36,185.98,800.45,222.22,25.88
2026-04-22,272.9185,432.92,202.5,313.02,934.84,53.12,226.1,353.52,255.36,300.07,149.5,186.32,808.87,219.97,25.98
2026-04-23,273.1783,415.75,199.64,311.69,931.3,52.47,230.65,354.56,255.08,302.53,150.53,187.6,835.24,214.34,26.61
2026-04-24,270.8105,424.62,208.27,308.28,926.91,52.05,227.5,354.92,263.99,299.36,148.91,185.21,830.79,213.17,26.2
2026-04-27,267.3637,424.82,216.61,311.63,937.81,52.63,225.34,354.69,261.12,290.21,148.19,184.78,828.79,212.05,25.52
2026-04-28,270.4608,429.25,213.17,311.45,926.55,52.66,227.79,366.77,259.7,292.39,150.56,188.36,817.87,212.93,26.06
2026-04-29,269.9213,424.46,209.25,309.25,905.6,52.88,227.35,370.74,263.04,290.08,154.67,192.22,810.05,210.3,25.75
2026-04-30,271.1002,407.78,199.57,313.23,923.77,53.46,229.85,370.48,265.06,293.59,154.33,193.31,890.11,214.33,26.13
2026-05-01,279.8821,414.44,198.45,312.47,923.71,53.24,227.19,368.78,268.26,286.64,152.75,190.63,889.67,212.5,26.12
2026-05-04,276.5752,413.62,198.48,307.65,903.27,52.19,224.2,370.75,272.05,284.1,153.69,192.28,874.78,209.59,26.1
2026-05-05,283.9184,411.38,196.5,309.4,918.89,53.12,225.55,363.87,273.55,285.17,154.88,192.64,904.59,209.06,25.9
2026-05-06,287.2454,413.96,207.83,314.9,937.35,53.6,224.62,367.28,274.99,284.1,148.69,185.16,926.93,216.86,25.57
2026-05-07,287.1754,420.77,211.5,306.27,925.87,52.75,222.51,369.74,271.17,283.7,146.58,182.5,895.69,216.07,25.26
2026-05-08,293.05,415.12,215.2,302.1,936.48,51.31,221.32,379.98,272.68,275.75,144.57,181.62,897.45,213.12,25.16
2026-05-11,292.68,412.66,219.44,300.0,944.86,50.55,221.43,384.44,268.99,274.6,149.68,184.74,926.79,219.11,24.87
